MPAC001,ACIDE CITRIQUE,CITRIC ACID,Aceto Corporation
MPAC001,ACIDE CITRIQUE,CITRIC ACID,Alfa Chem
MPAC001,ACIDE CITRIQUE,CITRIC ACID,All Ingredients Plus
MPAC001,ACIDE CITRIQUE,CITRIC ACID,Amresco Inc.
MPAC001,ACIDE CITRIQUE,CITRIC ACID,Ashland Inc.
MPAC001,ACIDE CITRIQUE,CITRIC ACID,Asiamerica Ingredients  Inc.
MPAC001,ACIDE CITRIQUE,CITRIC ACID,Callahan Chemical Co.
MPAC001,ACIDE CITRIQUE,CITRIC ACID,Charkit Chemical Corporation
MPAC001,ACIDE CITRIQUE,CITRIC ACID,Coast Southwest  Inc
MPAC001,ACIDE CITRIQUE,CITRIC ACID,Dastech International  Inc.
MPAC001,ACIDE CITRIQUE,CITRIC ACID,George Uhe Company  Inc.
MPAC001,ACIDE CITRIQUE,CITRIC ACID,Jungbunzlauer  Inc.
MPAC001,ACIDE CITRIQUE,CITRIC ACID,KIC Chemicals  Inc.
MPAC001,ACIDE CITRIQUE,CITRIC ACID,Kraft Chemical Company
MPAC001,ACIDE CITRIQUE,CITRIC ACID,Making Cosmetics  Inc.
MPAC001,ACIDE CITRIQUE,CITRIC ACID,Michlin Diazo Products Corporation
MPAC001,ACIDE CITRIQUE,CITRIC ACID,Million Link (Tianjin) International Trade Co.  Ltd.
MPAC001,ACIDE CITRIQUE,CITRIC ACID,Natural Sourcing
MPAC001,ACIDE CITRIQUE,CITRIC ACID,Orient Stars LLC
MPAC001,ACIDE CITRIQUE,CITRIC ACID,Parchem
MPAC001,ACIDE CITRIQUE,CITRIC ACID,Penta Manufacturing Company
MPAC001,ACIDE CITRIQUE,CITRIC ACID,Spectrum Chemical Mfg. Corp.
MPAC001,ACIDE CITRIQUE,CITRIC ACID,Tychem LLC
MPAC001,ACIDE CITRIQUE,CITRIC ACID,Universal Preserv-A-Chem  Inc.
MPAC001,ACIDE CITRIQUE,CITRIC ACID,Westco Chemicals  Inc.
MPAC003,ACIDE STEARIQUE,STEARIC ACID,Aceto Corporation
MPAC003,ACIDE STEARIQUE,STEARIC ACID,A & E Connock (Perfumery & Cosmetics) Ltd.
MPAC003,ACIDE STEARIQUE,STEARIC ACID,All Ingredients Plus
MPAC003,ACIDE STEARIQUE,STEARIC ACID,Ashland Inc.
MPAC003,ACIDE STEARIQUE,STEARIC ACID,Asiamerica Ingredients  Inc.
MPAC003,ACIDE STEARIQUE,STEARIC ACID,Callahan Chemical Co.
MPAC003,ACIDE STEARIQUE,STEARIC ACID,Coast Southwest  Inc
MPAC003,ACIDE STEARIQUE,STEARIC ACID,Emery Oleochemicals LLC
MPAC003,ACIDE STEARIQUE,STEARIC ACID,Essential Ingredients  Inc.
MPAC003,ACIDE STEARIQUE,STEARIC ACID,Ferro Corporation
MPAC003,ACIDE STEARIQUE,STEARIC ACID,Fitz Chem Corp.
MPAC003,ACIDE STEARIQUE,STEARIC ACID,The Hallstar Company
MPAC003,ACIDE STEARIQUE,STEARIC ACID,Jarchem Industries
MPAC003,ACIDE STEARIQUE,STEARIC ACID,Jeen International Corporation
MPAC003,ACIDE STEARIQUE,STEARIC ACID,KIC Chemicals  Inc.
MPAC003,ACIDE STEARIQUE,STEARIC ACID,Kraft Chemical Company
MPAC003,ACIDE STEARIQUE,STEARIC ACID,Lipo Chemicals  Inc.
MPAC003,ACIDE STEARIQUE,STEARIC ACID,Lonza
MPAC003,ACIDE STEARIQUE,STEARIC ACID,Making Cosmetics  Inc.
MPAC003,ACIDE STEARIQUE,STEARIC ACID,Megachem Pty Ltd
MPAC003,ACIDE STEARIQUE,STEARIC ACID,Natural Sourcing
MPAC003,ACIDE STEARIQUE,STEARIC ACID,Oleon NV
MPAC003,ACIDE STEARIQUE,STEARIC ACID,Parchem
MPAC003,ACIDE STEARIQUE,STEARIC ACID,Protameen Chemicals
MPAC003,ACIDE STEARIQUE,STEARIC ACID,Quality First International Inc.
MPAC003,ACIDE STEARIQUE,STEARIC ACID,Rita Corporation
MPAC003,ACIDE STEARIQUE,STEARIC ACID,Spectrum Chemical Mfg. Corp.
MPAC003,ACIDE STEARIQUE,STEARIC ACID,Stevenson-Cooper  Inc.
MPAC003,ACIDE STEARIQUE,STEARIC ACID,Tychem LLC
MPAC003,ACIDE STEARIQUE,STEARIC ACID,Universal Preserv-A-Chem  Inc.
MPAC004,SODIUM PHYTATE,SODIUM PHYTATE,Ecochem Specialties Ltd.
MPAC004,SODIUM PHYTATE,SODIUM PHYTATE,Kemin Industries  Inc.
MPAC004,SODIUM PHYTATE,SODIUM PHYTATE,Kinetik Technologies
MPAC004,SODIUM PHYTATE,SODIUM PHYTATE,Tsuno Rice Fine Chemicals Company  Ltd.
MPAC004,SODIUM PHYTATE,SODIUM PHYTATE,Wilshire Technologies  Inc.
MPAC005,EMERSOL 7036,EMERSOL 7036,Emery Oleochemicals LLC
MPAC006,MALIC ACID,MALIC ACID,Aceto Corporation
MPAC006,MALIC ACID,MALIC ACID,Active Concepts LLC
MPAC006,MALIC ACID,MALIC ACID,Alfa Chem
MPAC006,MALIC ACID,MALIC ACID,American International Chemical  Inc.
MPAC006,MALIC ACID,MALIC ACID,Asiamerica Ingredients  Inc.
MPAC006,MALIC ACID,MALIC ACID,Eastern Chemical Corporation
MPAC006,MALIC ACID,MALIC ACID,KIC Chemicals  Inc.
MPAC006,MALIC ACID,MALIC ACID,Kraft Chemical Company
MPAC006,MALIC ACID,MALIC ACID,Orient Stars LLC
MPAC006,MALIC ACID,MALIC ACID,Parchem
MPAC006,MALIC ACID,MALIC ACID,Spectrum Chemical Mfg. Corp.
MPAC006,MALIC ACID,MALIC ACID,Universal Preserv-A-Chem  Inc.
MPAC008,ACIDE SALICYLIQUE,SALICYLIC ACID,A & E Connock (Perfumery & Cosmetics) Ltd.
MPAC008,ACIDE SALICYLIQUE,SALICYLIC ACID,AIN Specialty Chemicals
MPAC008,ACIDE SALICYLIQUE,SALICYLIC ACID,Alban Muller International
MPAC008,ACIDE SALICYLIQUE,SALICYLIC ACID,Alfa Chem
MPAC008,ACIDE SALICYLIQUE,SALICYLIC ACID,Amcol Health & Beauty Solutions
MPAC008,ACIDE SALICYLIQUE,SALICYLIC ACID,Asiamerica Ingredients  Inc.
MPAC008,ACIDE SALICYLIQUE,SALICYLIC ACID,Callahan Chemical Co.
MPAC008,ACIDE SALICYLIQUE,SALICYLIC ACID,Dastech International  Inc.
MPAC008,ACIDE SALICYLIQUE,SALICYLIC ACID,DeWolf Chemical  Inc.
MPAC008,ACIDE SALICYLIQUE,SALICYLIC ACID,EMD Performance Materials Corp.
MPAC008,ACIDE SALICYLIQUE,SALICYLIC ACID,Glenn Corporation
MPAC008,ACIDE SALICYLIQUE,SALICYLIC ACID,Making Cosmetics  Inc.
MPAC008,ACIDE SALICYLIQUE,SALICYLIC ACID,McKinley Resources  Inc.
MPAC008,ACIDE SALICYLIQUE,SALICYLIC ACID,Million Link (Tianjin) International Trade Co.  Ltd.
MPAC008,ACIDE SALICYLIQUE,SALICYLIC ACID,Napp Technologies  LLC
MPAC008,ACIDE SALICYLIQUE,SALICYLIC ACID,Orient Stars LLC
MPAC008,ACIDE SALICYLIQUE,SALICYLIC ACID,Parchem
MPAC008,ACIDE SALICYLIQUE,SALICYLIC ACID,PhibroChem
MPAC008,ACIDE SALICYLIQUE,SALICYLIC ACID,Spec-Chem Industry Inc.
MPAC008,ACIDE SALICYLIQUE,SALICYLIC ACID,Spectrum Chemical Mfg. Corp.
MPAC008,ACIDE SALICYLIQUE,SALICYLIC ACID,Universal Preserv-A-Chem  Inc.
MPAC008,ACIDE SALICYLIQUE,SALICYLIC ACID,WeylChem GmbH
